1;Welcome!;Welcome to our forum!;1;1;1,2,5
2;Read before posting!;1.Do not troll! 2.Thou shalt nottroll. 3.No, seriously, DO NOT TROLL!!!;2;1;3,4
3;My first post;This is my first post on your forum. Hope you like it :);3;2;
4;TestAddPostToExistingCategory;Test: Add a dummy post to existing category "General";1;4;
5;Test Post 1;Content for test post 1;4;4;6,7,8,9,10,11,12,16
6;Test Post 2;Content for test post 2;4;4;
7;Test Post 3;Content for test post 3;4;4;
8;Test Post 4;Content for test post 4;4;4;
9;Test Post 5;Content for test post 5;4;4;
10;Test Post 6;Content for test post 6;4;4;
11;Test Post 7;Content for test post 7;4;4;
12;Test Post 8;Content for test post 8;4;4;
13;Test Post 9;Content for test post 9;4;4;
14;Test Post 10;Content for test post 10;4;4;
15;Test Post 11;Content for test post 11;4;4;13,14,15
16;Test Post 12;Content for test post 12;4;4;
17;Test Post 13;Content for test post 13;4;4;
18;Test Post 14;Content for test post 14;4;4;
19;Test Post 15;Content for test post 15;4;4;
20;Test Post 16;Content for test post 16;4;4;
21;Test Post 17;Content for test post 17;4;4;
22;Test Post 18;Content for test post 18;4;4;
23;Test Post 19;Content for test post 19;4;4;
24;Test Post 20;Content for test post 20;4;4;
25;Test Post 21;Content for test post 21;4;4;
26;Test Post 1;Test;5;4;
27;Test Post 1;Test;6;4;
28;Test Post 1;Test;7;4;
29;Test Post 1;Test;8;4;
30;Test Post 1;Test;9;4;
31;Test Post 1;Test;10;4;
32;Test Post 1;Test;11;4;
33;Test Post 1;Test;12;4;
34;Test Post 1;Test;13;4;
35;Test Post 1;Test;14;4;
36;Test Post 1;Test;15;4;
37;Test Post 1;Test;16;4;
38;Test Post 1;Test;17;4;
39;Test Post 1;Test;18;4;
40;Test Post 1;Test;19;4;
41;Test Post 1;Test;20;4;
42;Test Post 1;Test;21;4;
43;Test Post 2;Test;5;4;
